<?xml version="1.0" encoding="utf-8" ?>

<Autodiscover xmlns="http://schemas.microsoft.com/exchange/autodiscover/responseschema/2006">
  <Response xmlns="http://schemas.microsoft.com/exchange/autodiscover/outlook/responseschema/2006a">
    <Account>
      <AccountType>email</AccountType>
      <Action>settings</Action>
        <Protocol>
          <Type>IMAP</Type>
          <Server>imap.example.tld</Server>
          <Port>993</Port>
          <DomainRequired>off</DomainRequired>
          <LoginName>%EMAILADDRESS%</LoginName>
          <SPA>off</SPA>
          <SSL>on</SSL>
          <AuthRequired>on</AuthRequired>
        </Protocol>
        <Protocol>
          <Type>POP3</Type>
          <Server>pop3.example.tld</Server>
          <Port>995</Port>
          <DomainRequired>off</DomainRequired>
          <LoginName>%EMAILADDRESS%</LoginName>
          <SPA>off</SPA>
          <SSL>on</SSL>
          <AuthRequired>on</AuthRequired>
        </Protocol>
        <Protocol>
          <Type>SMTP</Type>
          <Server>smtp.example.tld</Server>
          <Port>587</Port>
          <DomainRequired>off</DomainRequired>
          <LoginName>%EMAILADDRESS%</LoginName>
          <SPA>off</SPA>
          <SSL>on</SSL>
          <Encryption>STARTTLS</Encryption>
          <AuthRequired>on</AuthRequired>
          <UsePOPAuth>off</UsePOPAuth>
          <SMTPLast>off</SMTPLast>
        </Protocol>
        <Protocol>
          <Type>SMTP</Type>
          <Server>smtp.example.tld</Server>
          <Port>465</Port>
          <DomainRequired>off</DomainRequired>
          <LoginName>%EMAILADDRESS%</LoginName>
          <SPA>off</SPA>
          <SSL>on</SSL>
          <Encryption>STARTTLS</Encryption>
          <AuthRequired>on</AuthRequired>
          <UsePOPAuth>off</UsePOPAuth>
          <SMTPLast>off</SMTPLast>
        </Protocol>
      </Account>
  </Response>
</Autodiscover>
