<?xml version="1.0" encoding="UTF-8"?>

<clientConfig version="1.1">
    <emailProvider id="example.tld">
        <domain>example.tld</domain>
        <displayName>Example TLD Mail Server</displayName>
        <displayShortName>ExampleTLD</displayShortName>
        <incomingServer type="pop3">
            <hostname>pop3.example.tld</hostname>
            <port>995</port>
            <socketType>SSL</socketType>
            <authentication>password-cleartext</authentication>
            <username>%EMAILADDRESS%</username>
            <pop3>
                <leaveMessagesOnServer>true</leaveMessagesOnServer>
                <downloadOnBiff>true</downloadOnBiff>
                <daysToLeaveMessagesOnServer>10</daysToLeaveMessagesOnServer>
            </pop3>
        </incomingServer>
        <incomingServer type="imap">
            <hostname>imap.example.tld</hostname>
            <port>993</port>
            <socketType>SSL</socketType>
            <authentication>password-cleartext</authentication>
            <username>%EMAILADDRESS%</username>
        </incomingServer>
        <outgoingServer type="smtp">
            <hostname>smtp.example.tld</hostname>
            <port>587</port>
            <socketType>STARTTLS</socketType>
            <authentication>password-cleartext</authentication>
            <username>%EMAILADDRESS%</username>
        </outgoingServer>
        <outgoingServer type="smtp">
            <hostname>smtp.example.tld</hostname>
            <port>465</port>
            <socketType>SSL</socketType>
            <authentication>password-cleartext</authentication>
            <username>%EMAILADDRESS%</username>
        </outgoingServer>
    </emailProvider>
</clientConfig>
